{"cameraMode":{"drawMode":0,"name":"Shaded","section":"Shading Mode"},"sceneLighting":false,"audioPlay":false,"sceneViewState":{"showFog":true,"showMaterialUpdate":true,"showSkybox":true,"showFlares":true,"showImageEffects":true,"showParticleSystems":true},"in2DMode":false,"pivot":{"x":-14.800346374511719,"y":-7.230508804321289,"z":-77.87774658203125},"rotation":{"x":0.026616470888257028,"y":-0.9708623886108398,"z":0.2011491060256958,"w":0.12797535955905915},"size":76.72834014892578,"orthographic":false}