{"cameraMode":{"drawMode":0,"name":"Shaded","section":"Shading Mode"},"sceneLighting":false,"audioPlay":false,"sceneViewState":{"showFog":true,"showMaterialUpdate":true,"showSkybox":true,"showFlares":true,"showImageEffects":true,"showParticleSystems":true},"in2DMode":false,"pivot":{"x":0.006179985124617815,"y":21.43505096435547,"z":-30.570186614990236},"rotation":{"x":-0.5657419562339783,"y":-0.4332341253757477,"z":-0.5182367563247681,"w":0.47294697165489199},"size":20.11301612854004,"orthographic":false}