{"cameraMode":{"drawMode":0,"name":"Shaded","section":"Shading Mode"},"sceneLighting":false,"audioPlay":false,"sceneViewState":{"showFog":true,"showMaterialUpdate":true,"showSkybox":true,"showFlares":true,"showImageEffects":true,"showParticleSystems":true},"in2DMode":false,"pivot":{"x":27.756881713867189,"y":42.104549407958987,"z":-57.25615310668945},"rotation":{"x":0.2378402203321457,"y":-0.6830543875694275,"z":0.25261858105659487,"w":0.6427929401397705},"size":5.835964202880859,"orthographic":false}