{"cameraMode":{"drawMode":0,"name":"Shaded","section":"Shading Mode"},"sceneLighting":false,"audioPlay":false,"sceneViewState":{"showFog":true,"showMaterialUpdate":true,"showSkybox":true,"showFlares":true,"showImageEffects":true,"showParticleSystems":true},"in2DMode":false,"pivot":{"x":270.20001220703127,"y":206.09999084472657,"z":9.5367431640625e-7},"rotation":{"x":0.26219314336776736,"y":-0.03761100396513939,"z":-0.01024013850837946,"w":-0.9642327427864075},"size":340.15625,"orthographic":false}