{"cameraMode":{"drawMode":0,"name":"Shaded","section":"Shading Mode"},"sceneLighting":false,"audioPlay":false,"sceneViewState":{"showFog":true,"showMaterialUpdate":true,"showSkybox":true,"showFlares":true,"showImageEffects":true,"showParticleSystems":true},"in2DMode":false,"pivot":{"x":-0.7812331318855286,"y":-3.9575300216674806,"z":-68.9571762084961},"rotation":{"x":-0.0016857321606948972,"y":-0.9935778975486755,"z":0.11256368458271027,"w":-0.01582971215248108},"size":29.133817672729493,"orthographic":false}