{"cameraMode":{"drawMode":0,"name":"Shaded","section":"Shading Mode"},"sceneLighting":false,"audioPlay":false,"sceneViewState":{"showFog":true,"showMaterialUpdate":true,"showSkybox":true,"showFlares":true,"showImageEffects":true,"showParticleSystems":true},"in2DMode":false,"pivot":{"x":47.72613525390625,"y":2.1780786514282228,"z":-58.10491180419922},"rotation":{"x":-0.32617518305778506,"y":-0.39664390683174136,"z":-0.15333130955696107,"w":0.8443323969841003},"size":10.156305313110352,"orthographic":false}