{"cameraMode":{"drawMode":0,"name":"Shaded","section":"Shading Mode"},"sceneLighting":false,"audioPlay":false,"sceneViewState":{"showFog":true,"showMaterialUpdate":true,"showSkybox":true,"showFlares":true,"showImageEffects":true,"showParticleSystems":true},"in2DMode":false,"pivot":{"x":-4.9017229080200199,"y":20.152175903320314,"z":39.02809524536133},"rotation":{"x":-0.029493680223822595,"y":-0.11370909214019776,"z":-0.003379751229658723,"w":0.9930799603462219},"size":83.36672973632813,"orthographic":false}