{"cameraMode":{"drawMode":0,"name":"Shaded","section":"Shading Mode"},"sceneLighting":false,"audioPlay":false,"sceneViewState":{"showFog":true,"showMaterialUpdate":true,"showSkybox":true,"showFlares":true,"showImageEffects":true,"showParticleSystems":true},"in2DMode":false,"pivot":{"x":37.24074172973633,"y":-1.473794937133789,"z":-28.10797882080078},"rotation":{"x":0.12806583940982819,"y":0.17606006562709809,"z":0.023095738142728807,"w":-0.9757581353187561},"size":0.943328320980072,"orthographic":false}