{"cameraMode":{"drawMode":0,"name":"Shaded","section":"Shading Mode"},"sceneLighting":false,"audioPlay":false,"sceneViewState":{"showFog":true,"showMaterialUpdate":true,"showSkybox":true,"showFlares":true,"showImageEffects":true,"showParticleSystems":true},"in2DMode":false,"pivot":{"x":-3.1079745292663576,"y":-1.6937071084976197,"z":-40.487552642822269},"rotation":{"x":-0.1350536197423935,"y":0.5277168154716492,"z":-0.08544745296239853,"w":-0.834269642829895},"size":0.943328320980072,"orthographic":false}