{"cameraMode":{"drawMode":0,"name":"Shaded","section":"Shading Mode"},"sceneLighting":false,"audioPlay":false,"sceneViewState":{"showFog":true,"showMaterialUpdate":true,"showSkybox":true,"showFlares":true,"showImageEffects":true,"showParticleSystems":true},"in2DMode":false,"pivot":{"x":-15.178899765014649,"y":7.553163528442383,"z":-36.164154052734378},"rotation":{"x":0.039682384580373767,"y":-0.878840446472168,"z":0.07427511364221573,"w":0.4696559011936188},"size":31.016082763671876,"orthographic":false}