{"cameraMode":{"drawMode":0,"name":"Shaded","section":"Shading Mode"},"sceneLighting":false,"audioPlay":false,"sceneViewState":{"showFog":true,"showMaterialUpdate":true,"showSkybox":true,"showFlares":true,"showImageEffects":true,"showParticleSystems":true},"in2DMode":false,"pivot":{"x":-500.0,"y":4.119999885559082,"z":-33.459999084472659},"rotation":{"x":0.10162706673145294,"y":-0.6608255505561829,"z":0.09096325933933258,"w":0.7381237149238586},"size":20.627639770507814,"orthographic":false}