{"cameraMode":{"drawMode":0,"name":"Shaded","section":"Shading Mode"},"sceneLighting":false,"audioPlay":false,"sceneViewState":{"showFog":true,"showMaterialUpdate":true,"showSkybox":true,"showFlares":true,"showImageEffects":true,"showParticleSystems":true},"in2DMode":false,"pivot":{"x":19.28705596923828,"y":-3.787222146987915,"z":-27.181140899658204},"rotation":{"x":-0.2851429283618927,"y":0.3827745318412781,"z":-0.1254936158657074,"w":-0.8697292804718018},"size":36.64872360229492,"orthographic":false}