{"cameraMode":{"drawMode":0,"name":"Shaded","section":"Shading Mode"},"sceneLighting":false,"audioPlay":false,"sceneViewState":{"showFog":true,"showMaterialUpdate":true,"showSkybox":true,"showFlares":true,"showImageEffects":true,"showParticleSystems":true},"in2DMode":false,"pivot":{"x":18.12787437438965,"y":-2.5377469062805177,"z":-0.5902328491210938},"rotation":{"x":-0.19092558324337007,"y":-0.04504106938838959,"z":0.008770203217864037,"w":-0.9805313944816589},"size":26.551097869873048,"orthographic":false}