{"cameraMode":{"drawMode":0,"name":"Shaded","section":"Shading Mode"},"sceneLighting":false,"audioPlay":false,"sceneViewState":{"showFog":true,"showMaterialUpdate":true,"showSkybox":true,"showFlares":true,"showImageEffects":true,"showParticleSystems":true},"in2DMode":false,"pivot":{"x":-4.394988536834717,"y":-4.664413928985596,"z":-3.080716848373413},"rotation":{"x":-0.23314841091632844,"y":0.654819905757904,"z":-0.2234213948249817,"w":-0.6833276748657227},"size":19.35282325744629,"orthographic":false}