{"cameraMode":{"drawMode":0,"name":"Shaded","section":"Shading Mode"},"sceneLighting":false,"audioPlay":false,"sceneViewState":{"showFog":true,"showMaterialUpdate":true,"showSkybox":true,"showFlares":true,"showImageEffects":true,"showParticleSystems":true},"in2DMode":false,"pivot":{"x":-63.45762252807617,"y":11.902488708496094,"z":-11.157230377197266},"rotation":{"x":0.016399681568145753,"y":-0.560822606086731,"z":0.011109137907624245,"w":0.8277115821838379},"size":83.36672973632813,"orthographic":false}