{"cameraMode":{"drawMode":0,"name":"Shaded","section":"Shading Mode"},"sceneLighting":false,"audioPlay":false,"sceneViewState":{"showFog":true,"showMaterialUpdate":true,"showSkybox":true,"showFlares":true,"showImageEffects":true,"showParticleSystems":true},"in2DMode":false,"pivot":{"x":144.90110778808595,"y":266.9667663574219,"z":-27.580562591552736},"rotation":{"x":-0.16990472376346589,"y":-0.14052119851112367,"z":-0.024438433349132539,"w":0.9751330018043518},"size":644.6416015625,"orthographic":false}