{"cameraMode":{"drawMode":0,"name":"Shaded","section":"Shading Mode"},"sceneLighting":false,"audioPlay":false,"sceneViewState":{"showFog":true,"showMaterialUpdate":true,"showSkybox":true,"showFlares":true,"showImageEffects":true,"showParticleSystems":true},"in2DMode":false,"pivot":{"x":-4.597686767578125,"y":16.879493713378908,"z":-30.20377540588379},"rotation":{"x":0.13444772362709046,"y":-0.7730714082717896,"z":0.17474977672100068,"w":0.5947861671447754},"size":28.854110717773439,"orthographic":false}