{"cameraMode":{"drawMode":0,"name":"Shaded","section":"Shading Mode"},"sceneLighting":false,"audioPlay":false,"sceneViewState":{"showFog":true,"showMaterialUpdate":true,"showSkybox":true,"showFlares":true,"showImageEffects":true,"showParticleSystems":true},"in2DMode":false,"pivot":{"x":-5.349711894989014,"y":-7.1247334480285648,"z":-90.77617645263672},"rotation":{"x":0.005817415192723274,"y":-0.9904437065124512,"z":0.13180485367774964,"w":0.0421333983540535},"size":38.32212829589844,"orthographic":false}