{"cameraMode":{"drawMode":0,"name":"Shaded","section":"Shading Mode"},"sceneLighting":false,"audioPlay":false,"sceneViewState":{"showFog":true,"showMaterialUpdate":true,"showSkybox":true,"showFlares":true,"showImageEffects":true,"showParticleSystems":true},"in2DMode":false,"pivot":{"x":-31.34323501586914,"y":-7.625894546508789,"z":28.830997467041017},"rotation":{"x":0.16784171760082246,"y":-0.38454964756965639,"z":0.07114774733781815,"w":0.9050188660621643},"size":59.51309585571289,"orthographic":false}