{"cameraMode":{"drawMode":0,"name":"Shaded","section":"Shading Mode"},"sceneLighting":false,"audioPlay":false,"sceneViewState":{"showFog":true,"showMaterialUpdate":true,"showSkybox":true,"showFlares":true,"showImageEffects":true,"showParticleSystems":true},"in2DMode":false,"pivot":{"x":-1.9129652976989747,"y":-1.407375454902649,"z":-39.97620391845703},"rotation":{"x":-0.005982846021652222,"y":-0.07940422743558884,"z":0.00046046904753893614,"w":-0.9968414306640625},"size":0.943328320980072,"orthographic":false}