{"cameraMode":{"drawMode":0,"name":"Shaded","section":"Shading Mode"},"sceneLighting":false,"audioPlay":false,"sceneViewState":{"showFog":true,"showMaterialUpdate":true,"showSkybox":true,"showFlares":true,"showImageEffects":true,"showParticleSystems":true},"in2DMode":false,"pivot":{"x":298.199951171875,"y":221.60000610351563,"z":0.000026702880859375},"rotation":{"x":0.26219314336776736,"y":-0.03761100396513939,"z":-0.01024013850837946,"w":-0.9642327427864075},"size":340.1564025878906,"orthographic":false}