{"cameraMode":{"drawMode":0,"name":"Shaded","section":"Shading Mode"},"sceneLighting":false,"audioPlay":false,"sceneViewState":{"showFog":true,"showMaterialUpdate":true,"showSkybox":true,"showFlares":true,"showImageEffects":true,"showParticleSystems":true},"in2DMode":false,"pivot":{"x":248.87960815429688,"y":243.1199951171875,"z":0.0000095367431640625},"rotation":{"x":-0.15223242342472077,"y":-0.048033878207206729,"z":-0.00736208027228713,"w":0.9871974587440491},"size":644.6416015625,"orthographic":false}